{"initial_reset_timestamp": 1580223988.1678023, "timestamps": [1580224016.2017767], "episode_lengths": [1060], "episode_rewards": [37.0], "episode_types": ["t", "t"]}